{
    "h=1": {
        "k": [
            1,
            2,
            3,
            4,
            5,
            6,
            7,
            8,
            9,
            10,
            15,
            20,
            25,
            30,
            35,
            40,
            45,
            50
        ],
        "mean_rmses": {
            "GDP_log": [
                0.023632021770273123,
                0.021614414432217764,
                0.019437044118192852,
                0.01879319281096201,
                0.01839617812715108,
                0.018110402834318952,
                0.01798176665963659,
                0.018483745378977533,
                0.01871781150074292,
                0.018654271145030148,
                0.026205767755059464,
                0.02846109495323282,
                0.028042495607867656,
                0.03323495605065759,
                0.03329856091471567,
                0.033824656699574615,
                0.03225353576780978,
                0.03080216778850345
            ],
            "GPDI_log": [
                0.03670825321452502,
                0.03358802859790261,
                0.03615699825391535,
                0.035419553744547916,
                0.03843354522932552,
                0.03808393293671718,
                0.03799782377561433,
                0.036623830707502754,
                0.03595641648466636,
                0.03429165266766604,
                0.040391619104173375,
                0.041511126826423224,
                0.04554056375718787,
                0.043543155015464026,
                0.045128057059310986,
                0.04397032683081299,
                0.04282539466317749,
                0.04199909403728061
            ],
            "INDPRO_log": [
                0.04219479431347197,
                0.04088312174554774,
                0.044246917949884564,
                0.04383311896891022,
                0.0449510352557369,
                0.04285918931342965,
                0.04448457379210178,
                0.04417401334344475,
                0.04363436003836841,
                0.04207639731362061,
                0.04548629358712881,
                0.05102816539973646,
                0.05134299015109807,
                0.05267872608212716,
                0.05080734867085778,
                0.04975246996227368,
                0.04819148728109919,
                0.04979462528119415
            ]
        }
    },
    "h=3": {
        "k": [
            1,
            2,
            3,
            4,
            5,
            6,
            7,
            8,
            9,
            10,
            15,
            20,
            25,
            30,
            35,
            40,
            45,
            50
        ],
        "mean_rmses": {
            "GDP_log": [
                0.03325709116375708,
                0.03241748968738755,
                0.03196146928349632,
                0.03023536028852485,
                0.029777391407097547,
                0.030972921616414368,
                0.031649677934796866,
                0.03299653963692733,
                0.03425370394994653,
                0.036368267126484825,
                0.04939366600395513,
                0.05977870959583999,
                0.06110354001361706,
                0.0675956665237583,
                0.06798181712127696,
                0.06529002855760903,
                0.06027498781038154,
                0.06006965802698108
            ],
            "GPDI_log": [
                0.055690119310557416,
                0.052662175152259794,
                0.055323029477505566,
                0.05439161183319447,
                0.05790422174872417,
                0.05995466405352951,
                0.06070501771281201,
                0.060727696607849754,
                0.059545727013944304,
                0.05695288185609654,
                0.06846777707892998,
                0.07974023614781339,
                0.08568843658342382,
                0.07922701274949763,
                0.08111995426570832,
                0.07832792184174035,
                0.07453365617078092,
                0.07498929479145247
            ],
            "INDPRO_log": [
                0.06415872591152119,
                0.0653225578729324,
                0.06918547126939309,
                0.0687627941446726,
                0.0697875294671717,
                0.07179477058706395,
                0.07567995910406772,
                0.07720383091273936,
                0.07654421391501681,
                0.07492981421722508,
                0.07725729487016678,
                0.09471670369882834,
                0.09471894509719504,
                0.09195427137472531,
                0.09295735104305236,
                0.0877766121523135,
                0.08211183522255654,
                0.0846532318178818
            ]
        }
    },
    "h=6": {
        "k": [
            1,
            2,
            3,
            4,
            5,
            6,
            7,
            8,
            9,
            10,
            15,
            20,
            25,
            30,
            35,
            40,
            45,
            50
        ],
        "mean_rmses": {
            "GDP_log": [
                0.04287950964612538,
                0.04402571007873713,
                0.045685174048325033,
                0.04546924594586332,
                0.04728250132385826,
                0.05085917031864608,
                0.053900945189793076,
                0.057774340629891126,
                0.060963712819558966,
                0.0653287741282617,
                0.08789523964910334,
                0.10798460921957997,
                0.11073909175652948,
                0.11798599217609661,
                0.12142370354381012,
                0.11445912490680843,
                0.10016821980062321,
                0.09884409349730072
            ],
            "GPDI_log": [
                0.08024992891017162,
                0.07513367166746554,
                0.07799347133554567,
                0.07875835849714895,
                0.0816865817682892,
                0.08519128520619657,
                0.08703204944104023,
                0.08809421560207986,
                0.08845029751960007,
                0.08755483725708214,
                0.10970725339684487,
                0.13562903150448602,
                0.14568879360116985,
                0.1332984572469579,
                0.13694669609518892,
                0.1315640981941887,
                0.12098718769845193,
                0.12205475939596588
            ],
            "INDPRO_log": [
                0.09336157638728129,
                0.09474575919726169,
                0.09909014596301795,
                0.09987441694433145,
                0.10607716594909902,
                0.11274114052362598,
                0.11876191463098762,
                0.122888560532629,
                0.12498222604014403,
                0.12504306707788748,
                0.13021251039819073,
                0.15740991636130044,
                0.1579757669056896,
                0.14437145502874243,
                0.1536699505128997,
                0.1440205377657749,
                0.1321008842584222,
                0.1345390436189
            ]
        }
    },
    "h=12": {
        "k": [
            1,
            2,
            3,
            4,
            5,
            6,
            7,
            8,
            9,
            10,
            15,
            20,
            25,
            30,
            35,
            40,
            45,
            50
        ],